Manual_Validation,BioProject ID,study,nSamples,biome,collection_method,Seq_Platform,vRegion,clustering_used,rSequences(OTUs/ASVs),taxon_database(used_in_the_study),taxon_database_version,coocurrence_study,disease/condition,Location,MGnify analysis,DOI,Year_Of_Publication,Article_Title,Notes:,Journal,WOS_Research_Areas,WOS_Categories,Scopus_Research_Subject_1,Scopus_Research_Subject_2,Scopus_Research_Subject_3,Scopus_Research_Subject_4,Scopus_Research_Subject_5,Scopus_Research_Subject_6,Medicine_journal
Manually_Validated,PRJEB42803,ERP126714,36,Human Skin,swab,Illumina NovaSeq 6000,V3-V4,OTUs,7887,SILVA,NA,No,Psoriasis,China,No,https://doi.org/10.3389/fmicb.2021.643449,2021,Microbiome and Metabolome Analyses Reveal Novel Interplay Between the Skin Microbiota and Plasma Metabolites in Psoriasis,,Frontiers in Microbiology,Microbiology,Microbiology,Immunology and Microbiology,Medicine,NA,NA,NA,NA,Yes
Manually_Validated,PRJNA445780,SRP144464,317,Human Skin,swab,Illumina MiSeq,V1-V3,OTUs,NA,Greengenes,NA,No,Atopic Dermatitis,China,No,https://doi.org/10.1128/mSystems.00293-19,2019,A Microbiome-Based Index for Assessing Skin Health and Treatment Effects for Atopic Dermatitis in Children,,mSystems,Microbiology,Microbiology,Agricultural and Biological Sciences,"Biochemistry, Genetics and Molecular Biology",Computer Science,Immunology and Microbiology,Mathematics,NA,No
Manually_Validated,PRJNA268694,SRP091029,324,Human Skin,swab,Illumina MiSeq,V1-V4,OTUs,NA,Greengenes,NA,No,Atopic Dermatitis,China,No,https://doi.org/10.1128/mSystems.00293-19,2019,A Microbiome-Based Index for Assessing Skin Health and Treatment Effects for Atopic Dermatitis in Children,,mSystems,Microbiology,Microbiology,Agricultural and Biological Sciences,"Biochemistry, Genetics and Molecular Biology",Computer Science,Immunology and Microbiology,Mathematics,NA,No
Manually_Validated,PRJNA393029,SRP185615,33,Human Skin,swab and biopsy,Illumina MiSeq,V3-V4,OTUs,3822,SILVA,v. 128,No,Healthy,Ireland,No,https://doi.org/10.1111/bjd.17691,2019,Investigation of the skin microbiome: swabs vs. biopsies,"The study compares swabs vs biopsy samples
OTUs (98% similarity)",British Journal of Dermatology,Dermatology,Dermatology,Medicine,NA,NA,NA,NA,NA,Yes
Manually_Validated,PRJDB4881,DRP003136,40,Human Skin,swab,454 GS FLX Titanium,V1-V3,OTUs,NA,NA,NA,No,Healthy,USA,No,https://doi.org/10.1016/j.jid.2016.06.612,2016,The Cutaneous Microbiome and Aspects of Skin Antimicrobial Defense System Resist Acute Treatment with Topical Skin Cleansers,The study investigates the effect of several common skin cleansers,Journal of Investigative Dermatology,Dermatology,Dermatology,"Biochemistry, Genetics and Molecular Biology",Medicine,NA,NA,NA,NA,Yes
Manually_Validated,PRJNA314604,SRP071579,645,Human Skin,swab,Illumina MiSeq,V4,OTUs,NA,Greengenes,NA,No,Healthy,USA,No,https://doi.org/10.1371/journal.pone.0151990,2016,Body Site Is a More Determinant Factor than Human Population Diversity in the Healthy Skin Microbiome,"6 ethnic groups were included: Caucasian-American (US-borne, of European ancestry), African-American, and men born in Africa (African Continental), East Asia, Latin America, or South Asia.",PLoS ONE,Science & Technology - Other Topics,Multidisciplinary Sciences,Agricultural and Biological Sciences,"Biochemistry, Genetics and Molecular Biology",Multidisciplinary,NA,NA,NA,No
Manually_Validated,PRJNA304155,SRP067274,5,Human Skin,swab,454 GS FLX+,V3-V5,OTUs,NA,SILVA,v. 119,No,Healthy,USA,No,https://doi.org/10.1371/journal.pone.0176669,2017,Development of the cutaneous microbiome in the preterm infant: A prospective longitudinal study,,PLoS ONE,Science & Technology - Other Topics,Multidisciplinary Sciences,Agricultural and Biological Sciences,"Biochemistry, Genetics and Molecular Biology",Multidisciplinary,NA,NA,NA,No
Manually_Validated,PRJNA293586,SRP062726,25,Human skin,biopsy,454 GS FLX Titanium,V1-V3,NA,NA,NA,NA,No,Burn Injury,USA,No,https://doi.org/10.1097/SHK.0000000000000874,2017,Cutaneous Burn Injury Promotes Shifts in the Bacterial Microbiome in Autologous Donor Skin,Samples from Human skin burn margin,Shock,General & Internal Medicine; Hematology; Surgery; Cardiovascular System & Cardiology,Critical Care Medicine; Hematology; Surgery; Peripheral Vascular Disease,Medicine,NA,NA,NA,NA,NA,Yes
Manually_Validated,PRJDB716,DRP000933,24,Human Skin,biopsy,454 GS FLX,V1-V3,OTUs,NA,NA,NA,No,Healthy,USA,No,https://doi.org/10.1038/ncomms2441,2013,The microbiome extends to subepidermal compartments of normal skin,,Nature Communications,Science & Technology - Other Topics,Multidisciplinary Sciences,"Biochemistry, Genetics and Molecular Biology",Chemistry,Physics and Astronomy,NA,NA,NA,No
Manually_Validated,PRJDB5459,DRP004449,73,Human skin,swab and tape-strip,Illumina MiSeq,V3-V4,OTUs,NA,Greengenes,v. 13.8,No,Healthy,Japan,No,https://doi.org/10.3389/fmicb.2018.02362,2018,A Comparison of Techniques for Collecting Skin Microbiome Samples: Swabbing Versus Tape-Stripping,The study compares swabbing vs tape-stripping sampling methods,Frontiers in Microbiology,Microbiology,Microbiology,Immunology and Microbiology,Medicine,NA,NA,NA,NA,Yes
Manually_Validated,PRJNA345497,SRP091027,340,Human skin,swab,Illumina MiSeq,V3-V4,OTUs,4639,Greengenes,v. 13.8,No,Healthy,Canada,No,https://doi.org/10.1128/mSystems.00043-17,2017,The Skin Microbiome of Cohabiting Couples,OTUs (97% and 99% similarity),mSystems,Microbiology,Microbiology,Agricultural and Biological Sciences,"Biochemistry, Genetics and Molecular Biology",Computer Science,Immunology and Microbiology,Mathematics,NA,No
Manually_Validated,PRJEB15287,ERP017003,52,Human skin,swab,Illumina MiSeq,V1-V3,OTUs,NA,NA,NA,No,Parapsoriasis,Finland,No,https://doi.org/10.2340/00015555-2631,2017,Skin Microbiome in Small- and Large-plaque Parapsoriasis,,Acta Dermato-Venereologica,Dermatology,Dermatology,Medicine,NA,NA,NA,NA,NA,Yes
Manually_Validated,PRJEB17696,ERP019566,258,Human skin,swab,Illumina MiSeq,V4,OTUs,NA,Greengenes,NA,No,Diabetic Wound,Australia,No,https://doi.org/10.7717/peerj.3543,2017,A longitudinal study of the diabetic skin and wound microbiome,,PeerJ,Science & Technology - Other Topics,Multidisciplinary Sciences,Agricultural and Biological Sciences,"Biochemistry, Genetics and Molecular Biology",Neuroscience,NA,NA,NA,No
Manually_Validated,PRJEB21789,ERP024081,280,Human skin,swab,Illumina MiSeq,V3-V4,OTUs,NA,RDP,v. 11.5,No,Atopic Dermatitis,Denmark,No,https://doi.org/10.1001/jamadermatol.2017.5440,2018,Association of Disease Severity With Skin Microbiome and Filaggrin Gene Mutations in Adult Atopic Dermatitis,,JAMA Dermatology,Dermatology,Dermatology,Medicine,NA,NA,NA,NA,NA,Yes
Manually_Validated,PRJEB15266,ERP016977,145,Human skin,biopsy,Illumina MiSeq,V3-V4,OTUs,NA,SILVA,v. 123,No,Hidradenitis Suppurativa,Denmark,No,https://doi.org/10.1001/jamadermatol.2017.0904,2017,The Follicular Skin Microbiome in Patients With Hidradenitis Suppurativa and Healthy Controls,OTUs (99% similarity),JAMA Dermatology,Dermatology,Dermatology,Medicine,NA,NA,NA,NA,NA,Yes
Manually_Validated,PRJEB12986,ERP014521,149,Human skin,swab,Illumina MiSeq,V1-V3,OTUs,NA,NA,NA,No,Low birthweight,Finland,No,https://doi.org/10.1111/exd.13312,2017,Loss of cutaneous microbial diversity during first 3 weeks of life in very low birthweight infants,Very low birthweight (VLBW) infants,Experimental Dermatology,Dermatology,Dermatology,"Biochemistry, Genetics and Molecular Biology",Medicine,NA,NA,NA,NA,Yes
Manually_Validated,PRJNA613666,SRP255681,1358,Human skin,scrubs buffer washes,Illumina HiSeq 2500,V1-V2,OTUs,1260,HOMD and Greengenes,NA,No,Healthy,Canada and UK,No,https://doi.org/10.1038/s41598-021-83922-6,2021,Explainable AI reveals changes in skin microbiome composition linked to phenotypic differences,,Scientific Reports,Science & Technology - Other Topics,Multidisciplinary Sciences,Multidisciplinary,NA,NA,NA,NA,NA,No
Manually_Validated,PRJNA345237 ,SRP090974,2,Human skin,swab,454 GS FLX Titanium,V1-V3,OTUs,NA,Greengenes,NA,No,Healthy,Korea,No,https://doi.org/10.1002/mbo3.557,2017,Effects of cosmetics on the skin microbiome of facial cheeks with different hydration levels,The study investigates effects of cosmetics,MicrobiologyOpen,Microbiology,Microbiology,Immunology and Microbiology,NA,NA,NA,NA,NA,No
Manually_Validated,PRJEB22907 ,ERP104625,2972,Human skin,swab,Illumina HiSeq 2500,V4,OTUs,NA,Greengenes,v. 13.5,No,Healthy,USA,No,https://doi.org/10.1186/s12915-019-0660-6,2019,The impact of skin care products on skin chemistry and microbiome dynamics,The study investigates effects of cosmetics,BMC Biology,Life Sciences & Biomedicine - Other Topics,Biology,Agricultural and Biological Sciences,"Biochemistry, Genetics and Molecular Biology",NA,NA,NA,NA,No
Manually_Validated,PRJNA438584,SRP135853,52,Human skin,NA,Illumina MiSeq,V3-V4,OTUs,10920,Greengenes,v. 13.8,No,Healthy,India,No,https://doi.org/10.1038/s41598-020-62195-5,2020,"Gut, oral and skin microbiome of Indian patrilineal families reveal perceptible association with age",The dataset includes only samples from the skin,Scientific Reports,Science & Technology - Other Topics,Multidisciplinary Sciences,Multidisciplinary,NA,NA,NA,NA,NA,No
Manually_Validated,PRJEB27311,ERP109379,482,Human skin,swab,Illumina MiSeq,V1-V2 and v4,ASVs,NA,EzTaxon-e,NA,No,Acne,Belgium,No,https://doi.org/10.1101/463307,2018,Topical cream with live lactobacilli modulates the skin microbiome and reduce acne symptoms,Preprint,Preprint,NA,NA,NA,NA,NA,NA,NA,NA,NA
Manually_Validated,PRJEB5864,ERP005296,45,Human skin,swab,454 GS FLX Titanium,V2-V3,OTUs,NA,Greengenes,NA,No,Healthy,Korea,No,https://doi.org/10.1186/s12864-015-2131-y,2015,Genetic associations and shared environmental effects on the skin microbiome of Korean twins,,BMC Genomics,Biotechnology & Applied Microbiology; Genetics & Heredity,Biotechnology & Applied Microbiology; Genetics & Heredity,"Biochemistry, Genetics and Molecular Biology",NA,NA,NA,NA,NA,No
Manually_Validated,PRJEB11661,ERP013063,27,Human skin,swab,454 GS FLX Titanium,V3-V4,OTUs,NA,Greengenes,NA,No,Filaggrin-deficient human skin,Netherlands,No,https://doi.org/10.1016/j.jaci.2016.09.017,2016,Gram-positive anaerobe cocci are underrepresented in the microbiome of filaggrin-deficient human skin,,Journal of Allergy and Clinical Immunology,Allergy; Immunology,Allergy; Immunology,Immunology and Microbiology,Medicine,NA,NA,NA,NA,Yes
Manually_Validated,PRJNA633151,SRP262012,30,Human skin,swab,Illumina MiSeq,V3-V4,OTUs,NA,SILVA,v. 138,No,Healthy,USA,No,https://doi.org/10.3390/microorganisms8101481,2020,Environmental Influences of High-Density Agricultural Animal Operation on Human Forearm Skin Microflora,,Microorganisms,Microbiology,Microbiology,Immunology and Microbiology,Medicine,NA,NA,NA,NA,Yes
Manually_Validated,PRJNA656308,SRP276976,476,Human skin,swab,454 GS,V1-V3,OTUs,NA,Greengenes,v. 13.8,No,Damaged skin,USA,No,https://doi.org/10.1111/exd.14198 ,2020,Characterization of the microbiome in the infant diapered area: Insights from healthy and damaged skin,"The ethnicity of the individuals: non‚ÄêHispanic (89%), White/Causasian (83%)",Experimental Dermatology,Dermatology,Dermatology,"Biochemistry, Genetics and Molecular Biology",Medicine,NA,NA,NA,NA,Yes
Manually_Validated,PRJNA543491,SRP226826,83,Human skin,swab,Illumina MiSeq,V1-V3,NA,NA,NA,NA,No,Hidradenitis Suppurativa,USA,No,https://doi.org/10.1016/j.jid.2019.08.445,2019,Skin Microbiota Perturbations Are Distinct and Disease SeverityñDependent in Hidradenitis Suppurativa,,Journal of Investigative Dermatology,Dermatology,Dermatology,"Biochemistry, Genetics and Molecular Biology",Medicine,NA,NA,NA,NA,Yes
Manually_Validated,PRJNA665992,SRP285536,12,Human skin,swab and biopsy,Illumina MiSeq,V4,OTUs,NA,Greengenes,v. 13.5,No,Wound,USA,No,https://doi.org/10.1016/j.chom.2021.03.003,2021,Bacteria induce skin regeneration via IL-1? signaling,"The ethnicity of the individuals: 2 Caucasian, 1 Black, 2 Hispanic, 1 Asian",Cell Host and Microbe,Microbiology; Parasitology; Virology,Microbiology; Parasitology; Virology,Immunology and Microbiology,NA,NA,NA,NA,NA,No
Manually_Validated,PRJEB13307 ,ERP014863,133,Human skin,swab,Illumina MiSeq,V4,OTUs,NA,NA,NA,No,Acne,China,No,https://doi.org/10.1111/1346-8138.14952,2019,Skin microbiome differences relate to the grade of acne vulgaris,,Journal of Dermatology,Dermatology,Dermatology,Medicine,NA,NA,NA,NA,NA,Yes
Manually_Validated,PRJEB25915,ERP107880,417,Human skin,swab,Illumina MiSeq,V1-V3,OTUs,NA,Greengenes,NA,Yes,Psoriasis,USA,No,https://doi.org/10.1186/s40168-018-0533-1,2018,Alteration of the cutaneous microbiome in psoriasis and potential role in Th17 polarization,,Microbiome,Microbiology,Microbiology,Immunology and Microbiology,Medicine,NA,NA,NA,NA,Yes
Manually_Validated,PRJNA390784,SRP109593,302,Human skin,swab,Illumina MiSeq,V3-V4,OTUs,20315,SILVA,v. 123,No,Leprosy,Brazil,No,https://doi.org/10.1038/s41598-018-27074-0,2018,Insights into the skin microbiome dynamics of leprosy patients during multi-drug therapy and in healthy individuals from Brazil,,Scientific Reports,Science & Technology - Other Topics,Multidisciplinary Sciences,Multidisciplinary,NA,NA,NA,NA,NA,No
Manually_Validated,PRJNA604977 ,SRP247381,32,Human skin,swab,Illumina MiSeq,V3-V4,NA,NA,NA,NA,No,Healthy,USA,No,https://doi.org/10.1099/jmm.0.001192,2020,Diversity of navel microbiome in young adults,,Journal of Medical Microbiology,Microbiology,Microbiology,Immunology and Microbiology,Medicine,NA,NA,NA,NA,Yes
Manually_Validated,PRJNA295605,SRP063707,150,Human skin,swab,Illumina MiSeq,V1-V3,NA,NA,NA,NA,No,Healthy,USA,No,https://doi.org/10.1128/mBio.01578-15,2015,"The Human Skin Double-Stranded DNA Virome: Topographical and Temporal Diversity, Genetic Enrichment, and Dynamic Associations with the Host Microbiome",,mBio,Microbiology,Microbiology,Immunology and Microbiology,NA,NA,NA,NA,NA,No
Manually_Validated,PRJNA505133 ,SRP187334,90,Human skin,swab,Illumina MiSeq,V1-V3,OTUs,28321,RDP,v. 2.12,No,Leprosy,India,No,https://doi.org/10.1038/s41597-019-0232-1,2019,16S rDNA based skin microbiome data of healthy individuals and leprosy patients from India,,Scientific Data,Science & Technology - Other Topics,Multidisciplinary Sciences,Computer Science,Decision Sciences,Mathematics,Social Sciences,NA,NA,No
Manually_Validated,PRJNA553551,SRP213896,92,Human skin,swab,Illumina MiSeq,V4,ASVs,NA,SILVA,v. 132,No,Healthy,USA,No,https://doi.org/10.1128/jmbe.v21i1.2019,2020,Testing the ìGrandma Hypothesisî: Characterizing Skin Microbiome Diversity as a Project-Based Learning Approach to Genomics,,Journal of Microbiology and Biology Education,Education & Educational Research,"Education, Scientific Disciplines",Agricultural and Biological Sciences,"Biochemistry, Genetics and Molecular Biology",Immunology and Microbiology,Social Sciences,NA,NA,No
Manually_Validated,PRJEB12307,ERP013768,100,Human skin,swab,Illumina MiSeq,V1-V2,OTUs,NA,SILVA,v. 98,No,Autoimmune bullous disease,Germany,No,https://doi.org/10.1111/exd.13357,2017,A distinct cutaneous microbiota profile in autoimmune bullous disease patients,,Experimental Dermatology,Dermatology,Dermatology,"Biochemistry, Genetics and Molecular Biology",Medicine,NA,NA,NA,NA,Yes
Manually_Validated,PRJNA612439,SRP252817,60,Human skin,swab,Illumina MiSeq,V1-V3,OTUs,22753,NCBI,NA,No,Chronic wounds,USA,No,https://doi.org/10.1038/s41522-020-0130-5,2020,Microbial predictors of healing and short-term effect of debridement on the microbiome of chronic wounds,,npj Biofilms and Microbiomes,Biotechnology & Applied Microbiology; Microbiology,Biotechnology & Applied Microbiology; Microbiology,"Biochemistry, Genetics and Molecular Biology",Immunology and Microbiology,NA,NA,NA,NA,No
Manually_Validated,PRJNA655369,SRP276001,35,Human skin,swab,Illumina MiSeq,V3-V4,OTUs,NA,NA,NA,No,Dystrophic epidermolysis bullosa,Israel,No,https://doi.org/10.1111/ced.14592,2021,Evidence for cutaneous dysbiosis in dystrophic epidermolysis bullosa,,Clinical and Experimental Dermatology,Dermatology,Dermatology,Medicine,NA,NA,NA,NA,NA,Yes
Manually_Validated,PRJEB27442,ERP109520,176,Human skin,swab,Illumina MiSeq,V3-V4,OTUs,NA,NA,NA,No,Healthy,Netherlands,No,https://doi.org/10.1038/s41598-019-56065-y,2019,A generic workflow for Single Locus Sequence Typing (SLST) design and subspecies characterization of microbiota,,Scientific Reports,Science & Technology - Other Topics,Multidisciplinary Sciences,Multidisciplinary,NA,NA,NA,NA,NA,No
Manually_Validated,SRP034607,SRP034607,6,Human skin,swab,Illumina MiSeq,V4,OTUs,NA,NA,NA,No,Open fractures,USA,No,https://doi.org/10.1002/jor.22578,2013,"Culture-independent pilot study of microbiota colonizing open fractures and association with severity, mechanism, location, and complication from presentation to early outpatient follow-up",,Journal of Orthopaedic Research,Orthopedics,Orthopedics,Medicine,NA,NA,NA,NA,NA,Yes
Manually_Validated,PRJNA521807 ,SRP185750,122,Human skin,swab,Illumina MiSeq,V3-V4,OTUs,NA,RDP,NA,No,Atopic Dermatitis,China,No,https://doi.org/10.3389/fcimb.2020.00336,2020,Distinct Skin Microbiota Imbalance and Responses to Clinical Treatment in Children With Atopic Dermatitis,,Frontiers in Cellular and Infection Microbiology,Immunology; Microbiology,Immunology; Microbiology,Immunology and Microbiology,Medicine,NA,NA,NA,NA,Yes
Manually_Validated,PRJNA661179,SRP279904,24,Human skin,biopsy,Illumina HiSeq 2000,V3-V4,NA,NA,NA,NA,No,Hidradenitis suppurativa,France,No,https://doi.org/10.1172/jci.insight.140598,2020,Dysregulation of tryptophan catabolism at the host-skin microbiota interface in hidradenitis suppurativa,,JCI Insight,Research & Experimental Medicine,"Medicine, Research & Experimental",Medicine,NA,NA,NA,NA,NA,Yes
Manually_Validated,PRJNA390040,SRP109057,484,Human skin,swab,Illumina MiSeq,V4,OTUs,NA,Greengenes,NA,Yes,Healthy,China,No,https://doi.org/10.1186/s40168-018-0412-9,2018,Individual and household attributes influence the dynamics of the personal skin microbiota and its association network,,Microbiome,Microbiology,Microbiology,Immunology and Microbiology,Medicine,NA,NA,NA,NA,Yes
Manually_Validated,PRJNA668051,SRP293771,185,Human skin,swab,Illumina MiSeq,V1-V3,OTUs,NA,SILVA,v. 123,No,Allergic traits,Finland,No,https://doi.org/10.1038/s41598-020-79055-x,2020,"Simultaneous allergic traits in dogs and their owners are associated with living environment, lifestyle and microbial exposures",,Scientific Reports,Science & Technology - Other Topics,Multidisciplinary Sciences,Multidisciplinary,NA,NA,NA,NA,NA,No
Manually_Validated,PRJNA305923,SRP067489,38,Human skin,swab,Illumina MiSeq,V4,OTUs,27343,Greengenes,v. 13.8,No,Obesity,USA,No,https://doi.org/10.3109/14767058.2015.1124081,2015,Gravidas with class III obesity: evaluating the abdominal skin microbiota above and below the panniculus,,Journal of Maternal-Fetal and Neonatal Medicine,Obstetrics & Gynecology,Obstetrics & Gynecology,Medicine,NA,NA,NA,NA,NA,Yes
Manually_Validated,PRJEB31799,ERP114401,105,Human skin,swab,Illumina HiSeq 2000,V4-V5,OTUs,36539,NA,NA,Yes,Healthy,China,No,https://doi.org/10.3390/microorganisms7120611,2019,Elevation is Associated with Human Skin Microbiomes,"In the article Illumina MiSeq is reported as seq_platform
The ethnicity of the individuals: Han",Microorganisms,Microbiology,Microbiology,Immunology and Microbiology,Medicine,NA,NA,NA,NA,Yes
Manually_Validated,PRJNA655626,SRP276479,67,Human skin,swab,Illumina MiSeq,V1-V3,ASVs,NA,SILVA,v. 132,No,Atopic individuals,Finland,No,https://doi.org/10.1111/all.14744,2021,Interplay between skin microbiota and immunity in atopic individuals,,Allergy: European Journal of Allergy and Clinical Immunology,Allergy; Immunology,Allergy; Immunology,Immunology and Microbiology,Medicine,NA,NA,NA,NA,Yes
Manually_Validated,PRJNA639425,SRP267292,83,Human skin,swab and biopsy,Illumina MiSeq,V3-V4,ASVs,NA,SILVA,NA,No,Vitiligo,France,No,https://doi.org/10.1016/j.jid.2021.01.036,2021,Analysis of Matched Skin and Gut Microbiome of Patients with Vitiligo Reveals Deep Skin Dysbiosis: Link with Mitochondrial and Immune Changes,The study indludes water and mock cummunity samples,Journal of Investigative Dermatology,Dermatology,Dermatology,"Biochemistry, Genetics and Molecular Biology",Medicine,NA,NA,NA,NA,Yes
Manually_Validated,PRJNA503538,SRP167680,52,Human skin,NA,Illumina MiSeq,V1-V2,OTUs,NA,SILVA,v. 119,No,Tinea Pedis,China,No,https://doi.org/10.1007/s12088-019-00816-y,2019,Characterization of Skin Microbiome in Tinea Pedis,,Indian Journal of Microbiology,Biotechnology & Applied Microbiology; Microbiology,Biotechnology & Applied Microbiology; Microbiology,Immunology and Microbiology,NA,NA,NA,NA,NA,No
Manually_Validated,PRJEB30094,ERP112507,39,Human skin,swab and biopsy,Illumina MiSeq,V1-V3,OTUs,NA,EzTaxon-e,NA,No,Diabetic Wound,Korea,No,https://doi.org/10.1155/2019/7459236,2019,Influence of Microbiota on Diabetic Foot Wound in Comparison with Adjacent Normal Skin Based on the Clinical Features,,BioMed Research International,Biotechnology & Applied Microbiology; Research & Experimental Medicine,"Biotechnology & Applied Microbiology; Medicine, Research & Experimental","Biochemistry, Genetics and Molecular Biology",Immunology and Microbiology,NA,NA,NA,NA,No
Manually_Validated,PRJEB2785,ERP001059,118,Human skin,swab,454 GS FLX Titanium,V1-V3,OTUs,NA,NA,NA,No,Atopic individuals,Finland,No,https://doi.org/10.1073/pnas.1205624109,2012,"Environmental biodiversity, human microbiota, and allergy are interrelated",,Proceedings of the National Academy of Sciences of the United States of America,Science & Technology - Other Topics,Multidisciplinary Sciences,Multidisciplinary,NA,NA,NA,NA,NA,No
Manually_Validated,PRJNA578563,SRP230017,118,Human skin,swab,Illumina MiSeq,V3-V4,OTUs,NA,Greengenes,v. 13.5,No,Atopic Dermatitis,China,No,https://doi.org/10.1111/dth.14215,2020,Is antibiotics prescription needed in infants with topical corticosteroids treatment for moderate-to-severe atopic dermatitis?,,Dermatologic Therapy,Dermatology,Dermatology,Medicine,NA,NA,NA,NA,NA,Yes
Manually_Validated,PRJNA650212,SRP275714,146,Human skin,swab,Illumina MiSeq,V3-V4,ASVs,NA,Greengenes,v. 13.8,No,Healthy,Korea,No,https://doi.org/10.3390/microorganisms8101581,2020,Investigation of Age-Related Changes in the Skin Microbiota of Korean Women,,Microorganisms,Microbiology,Microbiology,Immunology and Microbiology,Medicine,NA,NA,NA,NA,Yes
Manually_Validated,PRJNA481999,SRP188413,2,Human skin,swab,Illumina MiSeq,V1-V3,RSVs,5401,SILVA,v. 132,No,Atopic Dermatitis,Egypt,No,https://doi.org/10.1089/omi.2019.0011,2019,"Skin Microbiome Differences in Atopic Dermatitis and Healthy Controls in Egyptian Children and Adults, and Association with Serum Immunoglobulin E",,OMICS A Journal of Integrative Biology,Biotechnology & Applied Microbiology; Genetics & Heredity,Biotechnology & Applied Microbiology; Genetics & Heredity,"Biochemistry, Genetics and Molecular Biology",NA,NA,NA,NA,NA,No
Manually_Validated,PRJNA267573,SRP050070,10,Human skin,swab,Illumina MiSeq,V4,OTUs,862,Greengenes,NA,No,Cutaneous leishmaniasis lesions,Brazil,No,https://doi.org/10.1590/0074-02760150436,2016,The microbiological signature of human cutaneous leishmaniasis lesions exhibits restricted bacterial diversity compared to healthy skin,,Memorias do Instituto Oswaldo Cruz,Parasitology; Tropical Medicine,Parasitology; Tropical Medicine,Medicine,NA,NA,NA,NA,NA,Yes
Manually_Validated,PRJNA523412,SRP186628,72,Human skin,swab,Illumina MiSeq,V1-V3,OTUs,NA,Greengenes,v. 13.8,No,Healthy,USA,No,https://doi.org/10.1371/journal.pone.0226857,2019,Transfer of skin microbiota between two dissimilar autologous microenvironments: A pilot study,,PLoS ONE,Science & Technology - Other Topics,Multidisciplinary Sciences,Agricultural and Biological Sciences,"Biochemistry, Genetics and Molecular Biology",Multidisciplinary,NA,NA,NA,No
Manually_Validated,PRJEB23563,ERP105323,39,Human skin,biopsy,Illumina MiSeq,V1-V2,OTUs,NA,EzTaxon-e,NA,No,Squamous Cell Carcinoma,Austria,No,https://doi.org/10.3390/cancers12030541,2019,Molecular Profiling of Keratinocyte Skin Tumors Links Staphylococcus aureus Overabundance and Increased Human ?-Defensin-2 Expression to Growth Promotion of Squamous Cell Carcinoma,,Cancers,Oncology,Oncology,"Biochemistry, Genetics and Molecular Biology",Medicine,NA,NA,NA,NA,Yes
Manually_Validated,SRP057641,SRP057641,11,Human skin,swab,454 GS FLX+,V1-V3,OTUs,753,Greengenes,NA,Yes,Dandruff,China,No,https://doi.org/10.1038/srep24877,2016,Dandruff is associated with the conjoined interactions between host and microorganisms,,Scientific Reports,Science & Technology - Other Topics,Multidisciplinary Sciences,Multidisciplinary,NA,NA,NA,NA,NA,No
Manually_Validated,PRJEB14852,ERP016529,288,Human skin,swab,Illumina MiSeq,V1-V2,OTUs,2238,SILVA,v. 123,No,Psoriasis,Germany,No,https://doi.org/10.1111/bjd.17989,2019,Combined culture and metagenomic analyses reveal significant shifts in the composition of the cutaneous microbiome in psoriasis,,British Journal of Dermatology,Dermatology,Dermatology,Medicine,NA,NA,NA,NA,NA,Yes
Manually_Validated,PRJEB20777,ERP022958,204,Human Skin,swab,Illumina Miseq,V3-V4,OTUs,1312,Greengenes,NA,No,Healthy,UK,MGYS00001818,https://doi.org/10.1038/s41526-017-0029-5,2017,Impact of the Mk VI SkinSuit on skin microbiota of terrestrial volunteers and an International Space Station-bound astronaut,OTUS reported in the MGnify analysis: 2054,npj Microgravity,Science & Technology - Other Topics,Multidisciplinary Sciences,Agricultural and Biological Sciences,"Biochemistry, Genetics and Molecular Biology",Earth and Planetary Sciences,Materials Science,Medicine,Physics and Astronomy,Yes
Manually_Validated,PRJNA395539,SRP113602,1715,Human Skin,swab,Illumina MiSeq,V1-V3,OTUs,NA,Greengenes,NA,No,Healthy,USA,MGYS00005172,https://doi.org/10.1016/j.jid.2018.04.022,2018,"Antiseptic Agents Elicit Short-Term, Personalized, and Body SiteñSpecific Shifts in Resident Skin Bacterial Communities","The study investigate the effect of Antiseptic Agents
OTUS reported in the MGnify analysis: 5013",Journal of Investigative Dermatology,Dermatology,Dermatology,"Biochemistry, Genetics and Molecular Biology",Medicine,NA,NA,NA,NA,Yes
Manually_Validated,PRJEB14948,ERP016629,14,Human Skin,swab and biopsy,Illumina Miseq,V3-V4,OTUs,7903,Greengenes,NA,No,Buruli ulcer skin lesions,Benin (Africa),MGYS00001187,https://doi.org/10.1371/journal.pone.0181994,2017,Bacterial diversity in Buruli ulcer skin lesions: Challenges in the clinical microbiome analysis of a skin disease,"Samples from Human Skin & Skin Lesions
OTUS reported in the MGnify analysis: 726",PLoS ONE,Science & Technology - Other Topics,Multidisciplinary Sciences,Agricultural and Biological Sciences,"Biochemistry, Genetics and Molecular Biology",Multidisciplinary,NA,NA,NA,No
Manually_Validated,PRJNA554499,SRP214545,531,Human Skin,swab,454 GS FLX Titanium,V3-V4,OTUs,3342,Greengenes,NA,Yes,Atopic Dermatitis and Psoriasis,Europe,MGYS00005299,https://doi.org/10.1038/s41467-019-12253-y,2019,Microbe-host interplay in atopic dermatitis and psoriasis,OTUS reported in the MGnify analysis: 293,Nature Communications,Science & Technology - Other Topics,Multidisciplinary Sciences,"Biochemistry, Genetics and Molecular Biology",Chemistry,Physics and Astronomy,NA,NA,NA,No
Manually_Validated,PRJEB16723,ERP018577,96,Human Skin,swab,Illumina MiSeq,V4,OTUs,612,Greengenes,v. 13.8,No,Dandruff,Brazil,MGYS00001295,https://doi.org/10.3389/fcimb.2016.00157,2016,Dysbiotic Bacterial and Fungal Communities Not Restricted to Clinically Affected Skin Sites in Dandruff,OTUS reported in the MGnify analysis: 947,Frontiers in Cellular and Infection Microbiology,Immunology; Microbiology,Immunology; Microbiology,Immunology and Microbiology,Medicine,NA,NA,NA,NA,Yes
Manually_Validated,PRJEB5758,ERP005182,584,Human Skin,swab,Illumina HiSeq,V4,OTUs,850,Greengenes,NA,No,Healthy,USA,MGYS00005232,https://doi.org/10.1073/pnas.1424409112,2015,Molecular cartography of the human skin surface in 3D,OTUS reported in the MGnify analysis: 1177,Proceedings of the National Academy of Sciences of the United States of America,Science & Technology - Other Topics,Multidisciplinary Sciences,Multidisciplinary,NA,NA,NA,NA,NA,No
Manually_Validated,PRJNA269787,SRP051059,527,Human Skin,swab,454 GS FLX Titanium,V1-V3,OTUs,13004,Greengenes,NA,No,Healthy,China,MGYS00005238,https://doi.org/10.1371/journal.pone.0141842,2015,The Influence of Age and Gender on Skin-Associated Microbial Communities in Urban and Rural Human Populations,OTUS reported in the MGnify analysis: 1139,PLoS ONE,Science & Technology - Other Topics,Multidisciplinary Sciences,Agricultural and Biological Sciences,"Biochemistry, Genetics and Molecular Biology",Multidisciplinary,NA,NA,NA,No
Manually_Validated,PRJNA435265,SRP133226,101,Human Skin,"swab, pore strip, glue strip",Illumina MiSeq and Illumina HiSeq 2500,V1-V3,OTUs,NA,Greengenes,NA,No,Acne,USA,MGYS00005098,https://doi.org/10.1016/j.jid.2018.02.038,2018,Isolation and Identification of the Follicular Microbiome: Implications for Acne Research,OTUS reported in the MGnify analysis: 1966,Journal of Investigative Dermatology,Dermatology,Dermatology,"Biochemistry, Genetics and Molecular Biology",Medicine,NA,NA,NA,NA,Yes
Manually_Validated,PRJEB14627,ERP016280,584,Human Skin,swab,Illumina MiSeq,V1-V3,OTUs,5885,SILVA,v. 123,No,Healthy,Finland,MGYS00005533,https://doi.org/10.1038/srep45651,2017,Patterns in the skin microbiota differ in children and teenagers between rural and urban environments,OTUS reported in the MGnify analysis: 6136,Scientific Reports,Science & Technology - Other Topics,Multidisciplinary Sciences,Multidisciplinary,NA,NA,NA,NA,NA,No
Manually_Validated,PRJNA46333,SRP002480,3389,Human skin,swab,454 GS FLX Titanium,Many (V1-V3 & V1-V8),NA,NA,NA,NA,No,Healthy & Atopic Dermatitis,USA,MGYS00000604,"https://doi.org/10.1101/gr.131029.111
https://doi.org/10.1038/nature13786","2012
2014","Temporal shifts in the skin microbiome associated with disease flares and treatment in children with atopic dermatitis
Biogeography and individuality shape function in the human skin metagenome","The dataset include samples used in different studies
The study has performed also metagenome shotgun sequencing and ITS amplicon profiling
For the 2012 study on Atopic Dermatitis: 
Near full-length 16S gene (V1-V8)
OTUS reported in the MGnify analysis: 2739",Genome Research,Biochemistry & Molecular Biology; Biotechnology & Applied Microbiology; Genetics & Heredity,Biochemistry & Molecular Biology; Biotechnology & Applied Microbiology; Genetics & Heredity,"Biochemistry, Genetics and Molecular Biology",Medicine,NA,NA,NA,NA,Yes
